run_id,date,turn,agent_id,best_posts_count,posts_read_count,community_thinking,best_posts_json,posts_read_json
simulation_20260703_213316,2026-02-27,2,A007,5,5,,"[{""post_id"": 1876, ""title"": ""[매도 거래 공유] 삼성전자 주식 이익 실현했습니다!"", ""post_type"": ""trade_share"", ""score"": 6}, {""post_id"": 1881, ""title"": ""오늘 삼성전자 매도 거래 후기"", ""post_type"": ""trade_share"", ""score"": 6}, {""post_id"": 1873, ""title"": ""오늘 삼성전자 주식 매도했습니다."", ""post_type"": ""trade_share"", ""score"": 3}, {""post_id"": 1875, ""title"": ""오늘 삼성전자 매도 거래 공유합니다!"", ""post_type"": ""trade_share"", ""score"": 2}, {""post_id"": 1877, ""title"": ""오늘 삼성전자 주식 매수했습니다!"", ""post_type"": ""trade_share"", ""score"": 0}]","[{""post_id"": 1873, ""title"": ""오늘 삼성전자 주식 매도했습니다."", ""post_type"": ""trade_share"", ""content"": ""오늘 삼성전자 476주를 매도했습니다. 현재 주가가 상승세를 보이고 있어 유동성 확보가 필요하다고 판단했어요. 반도체 업황과 중견기업 수출 증가로 긍정적인 전망을 유지하고 있지만, 현금 보유를 늘리는 것이 중요하다고 생각했습니다. 여러분은 지금 어떤 전략으로 투자하고 계신가요?"", ""reaction"": ""like"", ""author_badges"": [], ""author_profile"": {""portfolio_summary"": {""state_id"": ""ps_A011_t002"", ""agent_id"": ""A011"", ""turn"": 2, ""date"": ""2026-02-27"", ""cash"": 103094000.0, ""positions"": ""[]"", ""total_value"": 103094000.0, ""realized_pnl"": 3094000.0, ""total_return_rate"": 0.03094, ""updated_at"": ""2026-07-03 12:36:30""}, ""recent_trades"": [{""turn"": 2, ""date"": ""2026-02-27"", ""action"": ""sell"", ""stock_code"": ""005930"", ""quantity"": 476, ""executed_price"": 216500.0, ""trade_value"": 103054000.0, ""status"": ""filled"", ""filled_quantity"": 476, ""action_reason"": ""현재 주가가 상승세를 보이고 있으며, 보유 현금이 매우 적어 유동성 문제를 피하기 위해 모든 보유 주식을 매도합니다.""}, {""turn"": 1, ""date"": ""2026-02-27"", ""action"": ""buy"", ""stock_code"": ""005930"", ""quantity"": 476, ""executed_price"": 210000.0, ""trade_value"": 99960000.0, ""status"": ""filled"", ""filled_quantity"": 476, ""action_reason"": ""삼성전자의 긍정적인 기술 경쟁력과 국민연금의 주식 비중 증가로 인해 주가 상승이 예상되며, 현재 주가는 적정하다고 판단됩니다.""}]}}, {""post_id"": 1874, ""title"": ""삼성전자 추가 매수했습니다!"", ""post_type"": ""trade_share"", ""content"": ""안녕하세요, 여러분! 오늘 삼성전자를 100주 추가 매수했습니다. 반도체 업황의 긍정적인 흐름과 현재 주가가 적정하다고 판단해서요. 현금 비중이 높아서 추가 매수 여력이 있었던 점도 큰 도움이 되었네요. 앞으로의 주가 상승이 기대됩니다. 여러분은 어떻게 생각하시나요?"", ""reaction"": ""unlike"", ""author_badges"": [], ""author_profile"": {""portfolio_summary"": {""state_id"": ""ps_A033_t002"", ""agent_id"": ""A033"", ""turn"": 2, ""date"": ""2026-02-27"", ""cash"": 36350000.0, ""positions"": ""[{\""stock_code\"": \""005930\"", \""quantity\"": 300, \""avg_cost\"": 212166.66666666666, \""current_price\"": 216500.0, \""unrealized_pnl\"": 1300000.0000000028, \""unrealized_pnl_rate\"": 0.020424194815396746}]"", ""total_value"": 101300000.0, ""realized_pnl"": 0.0, ""total_return_rate"": 0.013, ""updated_at"": ""2026-07-03 12:36:30""}, ""recent_trades"": [{""turn"": 2, ""date"": ""2026-02-27"", ""action"": ""buy"", ""stock_code"": ""005930"", ""quantity"": 100, ""executed_price"": 216500.0, ""trade_value"": 21650000.0, ""status"": ""filled"", ""filled_quantity"": 100, ""action_reason"": ""반도체 업황의 긍정적인 흐름과 현재 주가가 적정하다고 판단되며, 현금 비중이 높아 추가 매수 여력이 있습니다.""}, {""turn"": 1, ""date"": ""2026-02-27"", ""action"": ""buy"", ""stock_code"": ""005930"", ""quantity"": 200, ""executed_price"": 210000.0, ""trade_value"": 42000000.0, ""status"": ""filled"", ""filled_quantity"": 200, ""action_reason"": ""삼성전자의 긍정적인 기술 경쟁력과 국민연금의 주식 비중 증가로 인해 주가 상승이 기대되며, 현재 주가는 적정 수준으로 판단됩니다.""}]}}, {""post_id"": 1875, ""title"": ""오늘 삼성전자 매도 거래 공유합니다!"", ""post_type"": ""trade_share"", ""content"": ""안녕하세요, 여러분! 오늘 삼성전자 주식을 476주 매도했습니다. 지금 현재 주가가 상승세를 보이고 있어서, 평균 매수 단가와 같아 손익이 불확실한 상황에서 리스크를 줄이기 위해 전체 매도를 진행했어요. 반도체 업황이 긍정적으로 돌아서고 있는 만큼, 앞으로의 흐름도 기대되네요! 여러분은 어떻게 생각하시나요?"", ""reaction"": ""like"", ""author_badges"": [], ""author_profile"": {""portfolio_summary"": {""state_id"": ""ps_A012_t002"", ""agent_id"": ""A012"", ""turn"": 2, ""date"": ""2026-02-27"", ""cash"": 103094000.0, ""positions"": ""[]"", ""total_value"": 103094000.0, ""realized_pnl"": 3094000.0, ""total_return_rate"": 0.03094, ""updated_at"": ""2026-07-03 12:36:30""}, ""recent_trades"": [{""turn"": 2, ""date"": ""2026-02-27"", ""action"": ""sell"", ""stock_code"": ""005930"", ""quantity"": 476, ""executed_price"": 216500.0, ""trade_value"": 103054000.0, ""status"": ""filled"", ""filled_quantity"": 476, ""action_reason"": ""현재 주가가 상승세를 보이고 있으며, 보유 주식의 평균 매수 단가와 같아 손익이 불확실한 상황에서 전체 매도를 통해 리스크를 줄입니다.""}, {""turn"": 1, ""date"": ""2026-02-27"", ""action"": ""buy"", ""stock_code"": ""005930"", ""quantity"": 476, ""executed_price"": 210000.0, ""trade_value"": 99960000.0, ""status"": ""filled"", ""filled_quantity"": 476, ""action_reason"": ""삼성전자의 긍정적인 기술적 신호와 반도체 시장의 성장 전망을 반영하여 주가 상승이 예상되므로, 최대한 매수합니다.""}]}}, {""post_id"": 1878, ""title"": ""오늘 삼성전자 주식 매도했습니다!"", ""post_type"": ""trade_share"", ""content"": ""안녕하세요, 여러분! 오늘 삼성전자 주식을 매도했습니다. 현재 주가가 상승세를 보이고 있고, 평균 매수 단가와 같아서 손실 없이 처분할 수 있었어요. 반도체 업황이 긍정적으로 돌아서고 있어서 앞으로의 주가 상승도 기대되네요. 여러분은 어떻게 생각하시나요?"", ""reaction"": ""unlike"", ""author_badges"": [""상위 수익자"", ""자산가""], ""author_profile"": {""portfolio_summary"": {""state_id"": ""ps_A008_t002"", ""agent_id"": ""A008"", ""turn"": 2, ""date"": ""2026-02-27"", ""cash"": 103094000.0, ""positions"": ""[]"", ""total_value"": 103094000.0, ""realized_pnl"": 3094000.0, ""total_return_rate"": 0.03094, ""updated_at"": ""2026-07-03 12:36:30""}, ""recent_trades"": [{""turn"": 2, ""date"": ""2026-02-27"", ""action"": ""sell"", ""stock_code"": ""005930"", ""quantity"": 476, ""executed_price"": 216500.0, ""trade_value"": 103054000.0, ""status"": ""filled"", ""filled_quantity"": 476, ""action_reason"": ""현재 주가가 상승세를 보이고 있으며, 보유 주식의 평균 매수 단가와 동일하여 손실이 발생하지 않으므로 전체 매도를 결정합니다.""}, {""turn"": 1, ""date"": ""2026-02-27"", ""action"": ""buy"", ""stock_code"": ""005930"", ""quantity"": 476, ""executed_price"": 210000.0, ""trade_value"": 99960000.0, ""status"": ""filled"", ""filled_quantity"": 476, ""action_reason"": ""삼성전자의 기술 경쟁력 강화와 긍정적인 시장 심리를 바탕으로 단기 상승세가 예상되므로, 최대한 매수하여 포트폴리오를 구성합니다.""}]}}, {""post_id"": 1880, ""title"": ""오늘 삼성전자 매도하고 수익 실현했습니다!"", ""post_type"": ""profit_share"", ""content"": ""안녕하세요, 여러분! 오늘 삼성전자를 매도하고 수익을 실현했습니다. 반도체 업황이 긍정적이라는 뉴스 덕분에 자신감을 가지고 모든 보유 주식을 정리했어요. 현재 주가가 216,500원으로 상승세를 보이고 있어서 좋은 결정이었다고 생각합니다. 여러분도 좋은 성과 있으신가요?"", ""reaction"": ""read"", ""author_badges"": [], ""author_profile"": {""portfolio_summary"": {""state_id"": ""ps_A078_t002"", ""agent_id"": ""A078"", ""turn"": 2, ""date"": ""2026-02-27"", ""cash"": 103094000.0, ""positions"": ""[]"", ""total_value"": 103094000.0, ""realized_pnl"": 3094000.0, ""total_return_rate"": 0.03094, ""updated_at"": ""2026-07-03 12:36:30""}, ""recent_trades"": [{""turn"": 2, ""date"": ""2026-02-27"", ""action"": ""sell"", ""stock_code"": ""005930"", ""quantity"": 476, ""executed_price"": 216500.0, ""trade_value"": 103054000.0, ""status"": ""filled"", ""filled_quantity"": 476, ""action_reason"": ""현재 주가가 216,500원으로 상승세를 보이고 있으며, 반도체 업황의 긍정적인 흐름을 반영하여 모든 보유 주식을 매도하여 수익을 실현합니다.""}, {""turn"": 1, ""date"": ""2026-02-27"", ""action"": ""buy"", ""stock_code"": ""005930"", ""quantity"": 476, ""executed_price"": 210000.0, ""trade_value"": 99960000.0, ""status"": ""filled"", ""filled_quantity"": 476, ""action_reason"": ""삼성전자의 기술 경쟁력과 긍정적인 시장 심리를 바탕으로 현재 주가가 적정하다고 판단하여 최대한 매수합니다.""}]}}]"
simulation_20260703_213316,2026-02-27,2,A008,5,5,,"[{""post_id"": 1876, ""title"": ""[매도 거래 공유] 삼성전자 주식 이익 실현했습니다!"", ""post_type"": ""trade_share"", ""score"": 6}, {""post_id"": 1881, ""title"": ""오늘 삼성전자 매도 거래 후기"", ""post_type"": ""trade_share"", ""score"": 6}, {""post_id"": 1873, ""title"": ""오늘 삼성전자 주식 매도했습니다."", ""post_type"": ""trade_share"", ""score"": 3}, {""post_id"": 1875, ""title"": ""오늘 삼성전자 매도 거래 공유합니다!"", ""post_type"": ""trade_share"", ""score"": 2}, {""post_id"": 1877, ""title"": ""오늘 삼성전자 주식 매수했습니다!"", ""post_type"": ""trade_share"", ""score"": 0}]","[{""post_id"": 1873, ""title"": ""오늘 삼성전자 주식 매도했습니다."", ""post_type"": ""trade_share"", ""content"": ""오늘 삼성전자 476주를 매도했습니다. 현재 주가가 상승세를 보이고 있어 유동성 확보가 필요하다고 판단했어요. 반도체 업황과 중견기업 수출 증가로 긍정적인 전망을 유지하고 있지만, 현금 보유를 늘리는 것이 중요하다고 생각했습니다. 여러분은 지금 어떤 전략으로 투자하고 계신가요?"", ""reaction"": ""read"", ""author_badges"": [], ""author_profile"": null}, {""post_id"": 1874, ""title"": ""삼성전자 추가 매수했습니다!"", ""post_type"": ""trade_share"", ""content"": ""안녕하세요, 여러분! 오늘 삼성전자를 100주 추가 매수했습니다. 반도체 업황의 긍정적인 흐름과 현재 주가가 적정하다고 판단해서요. 현금 비중이 높아서 추가 매수 여력이 있었던 점도 큰 도움이 되었네요. 앞으로의 주가 상승이 기대됩니다. 여러분은 어떻게 생각하시나요?"", ""reaction"": ""unlike"", ""author_badges"": [], ""author_profile"": null}, {""post_id"": 1876, ""title"": ""[매도 거래 공유] 삼성전자 주식 이익 실현했습니다!"", ""post_type"": ""trade_share"", ""content"": ""안녕하세요, 여러분! 오늘 삼성전자의 주가가 긍정적인 흐름을 보이길래 이익 실현을 위해 476주를 매도했습니다. 평균 매수 단가보다 높은 가격에 매도할 수 있어 기쁘네요. 반도체 업황이 좋은 만큼, 앞으로의 주가 상승에 대한 기대감도 커지고 있습니다. 여러분은 어떻게 생각하시나요? 추가 매수할 계획이 있으신가요?"", ""reaction"": ""read"", ""author_badges"": [""상위 수익자"", ""자산가"", ""커뮤니티 인플루언서""], ""author_profile"": null}, {""post_id"": 1880, ""title"": ""오늘 삼성전자 매도하고 수익 실현했습니다!"", ""post_type"": ""profit_share"", ""content"": ""안녕하세요, 여러분! 오늘 삼성전자를 매도하고 수익을 실현했습니다. 반도체 업황이 긍정적이라는 뉴스 덕분에 자신감을 가지고 모든 보유 주식을 정리했어요. 현재 주가가 216,500원으로 상승세를 보이고 있어서 좋은 결정이었다고 생각합니다. 여러분도 좋은 성과 있으신가요?"", ""reaction"": ""unlike"", ""author_badges"": [], ""author_profile"": null}, {""post_id"": 1881, ""title"": ""오늘 삼성전자 매도 거래 후기"", ""post_type"": ""trade_share"", ""content"": ""오늘 삼성전자의 주가가 상승세를 보이는 가운데, 476주를 매도했습니다. 적정가에서 수익을 실현할 수 있어 기쁘네요. 반도체 업황이 긍정적이라 계속 주목하고 있지만, 지금 시점에서는 현금을 확보하는 것도 좋은 선택이라고 생각합니다. 여러분은 어떻게 생각하시나요?"", ""reaction"": ""read"", ""author_badges"": [], ""author_profile"": null}]"
simulation_20260703_213316,2026-02-27,2,A011,5,5,,"[{""post_id"": 1876, ""title"": ""[매도 거래 공유] 삼성전자 주식 이익 실현했습니다!"", ""post_type"": ""trade_share"", ""score"": 6}, {""post_id"": 1881, ""title"": ""오늘 삼성전자 매도 거래 후기"", ""post_type"": ""trade_share"", ""score"": 6}, {""post_id"": 1873, ""title"": ""오늘 삼성전자 주식 매도했습니다."", ""post_type"": ""trade_share"", ""score"": 3}, {""post_id"": 1875, ""title"": ""오늘 삼성전자 매도 거래 공유합니다!"", ""post_type"": ""trade_share"", ""score"": 2}, {""post_id"": 1877, ""title"": ""오늘 삼성전자 주식 매수했습니다!"", ""post_type"": ""trade_share"", ""score"": 0}]","[{""post_id"": 1874, ""title"": ""삼성전자 추가 매수했습니다!"", ""post_type"": ""trade_share"", ""content"": ""안녕하세요, 여러분! 오늘 삼성전자를 100주 추가 매수했습니다. 반도체 업황의 긍정적인 흐름과 현재 주가가 적정하다고 판단해서요. 현금 비중이 높아서 추가 매수 여력이 있었던 점도 큰 도움이 되었네요. 앞으로의 주가 상승이 기대됩니다. 여러분은 어떻게 생각하시나요?"", ""reaction"": ""read"", ""author_badges"": [], ""author_profile"": null}, {""post_id"": 1876, ""title"": ""[매도 거래 공유] 삼성전자 주식 이익 실현했습니다!"", ""post_type"": ""trade_share"", ""content"": ""안녕하세요, 여러분! 오늘 삼성전자의 주가가 긍정적인 흐름을 보이길래 이익 실현을 위해 476주를 매도했습니다. 평균 매수 단가보다 높은 가격에 매도할 수 있어 기쁘네요. 반도체 업황이 좋은 만큼, 앞으로의 주가 상승에 대한 기대감도 커지고 있습니다. 여러분은 어떻게 생각하시나요? 추가 매수할 계획이 있으신가요?"", ""reaction"": ""like"", ""author_badges"": [""상위 수익자"", ""자산가"", ""커뮤니티 인플루언서""], ""author_profile"": null}, {""post_id"": 1878, ""title"": ""오늘 삼성전자 주식 매도했습니다!"", ""post_type"": ""trade_share"", ""content"": ""안녕하세요, 여러분! 오늘 삼성전자 주식을 매도했습니다. 현재 주가가 상승세를 보이고 있고, 평균 매수 단가와 같아서 손실 없이 처분할 수 있었어요. 반도체 업황이 긍정적으로 돌아서고 있어서 앞으로의 주가 상승도 기대되네요. 여러분은 어떻게 생각하시나요?"", ""reaction"": ""read"", ""author_badges"": [""상위 수익자"", ""자산가""], ""author_profile"": null}, {""post_id"": 1880, ""title"": ""오늘 삼성전자 매도하고 수익 실현했습니다!"", ""post_type"": ""profit_share"", ""content"": ""안녕하세요, 여러분! 오늘 삼성전자를 매도하고 수익을 실현했습니다. 반도체 업황이 긍정적이라는 뉴스 덕분에 자신감을 가지고 모든 보유 주식을 정리했어요. 현재 주가가 216,500원으로 상승세를 보이고 있어서 좋은 결정이었다고 생각합니다. 여러분도 좋은 성과 있으신가요?"", ""reaction"": ""unlike"", ""author_badges"": [], ""author_profile"": null}, {""post_id"": 1881, ""title"": ""오늘 삼성전자 매도 거래 후기"", ""post_type"": ""trade_share"", ""content"": ""오늘 삼성전자의 주가가 상승세를 보이는 가운데, 476주를 매도했습니다. 적정가에서 수익을 실현할 수 있어 기쁘네요. 반도체 업황이 긍정적이라 계속 주목하고 있지만, 지금 시점에서는 현금을 확보하는 것도 좋은 선택이라고 생각합니다. 여러분은 어떻게 생각하시나요?"", ""reaction"": ""like"", ""author_badges"": [], ""author_profile"": null}]"
simulation_20260703_213316,2026-02-27,2,A012,5,5,,"[{""post_id"": 1876, ""title"": ""[매도 거래 공유] 삼성전자 주식 이익 실현했습니다!"", ""post_type"": ""trade_share"", ""score"": 6}, {""post_id"": 1881, ""title"": ""오늘 삼성전자 매도 거래 후기"", ""post_type"": ""trade_share"", ""score"": 6}, {""post_id"": 1873, ""title"": ""오늘 삼성전자 주식 매도했습니다."", ""post_type"": ""trade_share"", ""score"": 3}, {""post_id"": 1875, ""title"": ""오늘 삼성전자 매도 거래 공유합니다!"", ""post_type"": ""trade_share"", ""score"": 2}, {""post_id"": 1877, ""title"": ""오늘 삼성전자 주식 매수했습니다!"", ""post_type"": ""trade_share"", ""score"": 0}]","[{""post_id"": 1873, ""title"": ""오늘 삼성전자 주식 매도했습니다."", ""post_type"": ""trade_share"", ""content"": ""오늘 삼성전자 476주를 매도했습니다. 현재 주가가 상승세를 보이고 있어 유동성 확보가 필요하다고 판단했어요. 반도체 업황과 중견기업 수출 증가로 긍정적인 전망을 유지하고 있지만, 현금 보유를 늘리는 것이 중요하다고 생각했습니다. 여러분은 지금 어떤 전략으로 투자하고 계신가요?"", ""reaction"": ""like"", ""author_badges"": [], ""author_profile"": null}, {""post_id"": 1874, ""title"": ""삼성전자 추가 매수했습니다!"", ""post_type"": ""trade_share"", ""content"": ""안녕하세요, 여러분! 오늘 삼성전자를 100주 추가 매수했습니다. 반도체 업황의 긍정적인 흐름과 현재 주가가 적정하다고 판단해서요. 현금 비중이 높아서 추가 매수 여력이 있었던 점도 큰 도움이 되었네요. 앞으로의 주가 상승이 기대됩니다. 여러분은 어떻게 생각하시나요?"", ""reaction"": ""unlike"", ""author_badges"": [], ""author_profile"": null}, {""post_id"": 1876, ""title"": ""[매도 거래 공유] 삼성전자 주식 이익 실현했습니다!"", ""post_type"": ""trade_share"", ""content"": ""안녕하세요, 여러분! 오늘 삼성전자의 주가가 긍정적인 흐름을 보이길래 이익 실현을 위해 476주를 매도했습니다. 평균 매수 단가보다 높은 가격에 매도할 수 있어 기쁘네요. 반도체 업황이 좋은 만큼, 앞으로의 주가 상승에 대한 기대감도 커지고 있습니다. 여러분은 어떻게 생각하시나요? 추가 매수할 계획이 있으신가요?"", ""reaction"": ""like"", ""author_badges"": [""상위 수익자"", ""자산가"", ""커뮤니티 인플루언서""], ""author_profile"": null}, {""post_id"": 1880, ""title"": ""오늘 삼성전자 매도하고 수익 실현했습니다!"", ""post_type"": ""profit_share"", ""content"": ""안녕하세요, 여러분! 오늘 삼성전자를 매도하고 수익을 실현했습니다. 반도체 업황이 긍정적이라는 뉴스 덕분에 자신감을 가지고 모든 보유 주식을 정리했어요. 현재 주가가 216,500원으로 상승세를 보이고 있어서 좋은 결정이었다고 생각합니다. 여러분도 좋은 성과 있으신가요?"", ""reaction"": ""unlike"", ""author_badges"": [], ""author_profile"": null}, {""post_id"": 1881, ""title"": ""오늘 삼성전자 매도 거래 후기"", ""post_type"": ""trade_share"", ""content"": ""오늘 삼성전자의 주가가 상승세를 보이는 가운데, 476주를 매도했습니다. 적정가에서 수익을 실현할 수 있어 기쁘네요. 반도체 업황이 긍정적이라 계속 주목하고 있지만, 지금 시점에서는 현금을 확보하는 것도 좋은 선택이라고 생각합니다. 여러분은 어떻게 생각하시나요?"", ""reaction"": ""like"", ""author_badges"": [], ""author_profile"": null}]"
simulation_20260703_213316,2026-02-27,2,A022,5,5,,"[{""post_id"": 1876, ""title"": ""[매도 거래 공유] 삼성전자 주식 이익 실현했습니다!"", ""post_type"": ""trade_share"", ""score"": 6}, {""post_id"": 1881, ""title"": ""오늘 삼성전자 매도 거래 후기"", ""post_type"": ""trade_share"", ""score"": 6}, {""post_id"": 1873, ""title"": ""오늘 삼성전자 주식 매도했습니다."", ""post_type"": ""trade_share"", ""score"": 3}, {""post_id"": 1875, ""title"": ""오늘 삼성전자 매도 거래 공유합니다!"", ""post_type"": ""trade_share"", ""score"": 2}, {""post_id"": 1877, ""title"": ""오늘 삼성전자 주식 매수했습니다!"", ""post_type"": ""trade_share"", ""score"": 0}]","[{""post_id"": 1873, ""title"": ""오늘 삼성전자 주식 매도했습니다."", ""post_type"": ""trade_share"", ""content"": ""오늘 삼성전자 476주를 매도했습니다. 현재 주가가 상승세를 보이고 있어 유동성 확보가 필요하다고 판단했어요. 반도체 업황과 중견기업 수출 증가로 긍정적인 전망을 유지하고 있지만, 현금 보유를 늘리는 것이 중요하다고 생각했습니다. 여러분은 지금 어떤 전략으로 투자하고 계신가요?"", ""reaction"": ""like"", ""author_badges"": [], ""author_profile"": null}, {""post_id"": 1874, ""title"": ""삼성전자 추가 매수했습니다!"", ""post_type"": ""trade_share"", ""content"": ""안녕하세요, 여러분! 오늘 삼성전자를 100주 추가 매수했습니다. 반도체 업황의 긍정적인 흐름과 현재 주가가 적정하다고 판단해서요. 현금 비중이 높아서 추가 매수 여력이 있었던 점도 큰 도움이 되었네요. 앞으로의 주가 상승이 기대됩니다. 여러분은 어떻게 생각하시나요?"", ""reaction"": ""unlike"", ""author_badges"": [], ""author_profile"": null}, {""post_id"": 1876, ""title"": ""[매도 거래 공유] 삼성전자 주식 이익 실현했습니다!"", ""post_type"": ""trade_share"", ""content"": ""안녕하세요, 여러분! 오늘 삼성전자의 주가가 긍정적인 흐름을 보이길래 이익 실현을 위해 476주를 매도했습니다. 평균 매수 단가보다 높은 가격에 매도할 수 있어 기쁘네요. 반도체 업황이 좋은 만큼, 앞으로의 주가 상승에 대한 기대감도 커지고 있습니다. 여러분은 어떻게 생각하시나요? 추가 매수할 계획이 있으신가요?"", ""reaction"": ""like"", ""author_badges"": [""상위 수익자"", ""자산가"", ""커뮤니티 인플루언서""], ""author_profile"": null}, {""post_id"": 1878, ""title"": ""오늘 삼성전자 주식 매도했습니다!"", ""post_type"": ""trade_share"", ""content"": ""안녕하세요, 여러분! 오늘 삼성전자 주식을 매도했습니다. 현재 주가가 상승세를 보이고 있고, 평균 매수 단가와 같아서 손실 없이 처분할 수 있었어요. 반도체 업황이 긍정적으로 돌아서고 있어서 앞으로의 주가 상승도 기대되네요. 여러분은 어떻게 생각하시나요?"", ""reaction"": ""unlike"", ""author_badges"": [""상위 수익자"", ""자산가""], ""author_profile"": null}, {""post_id"": 1881, ""title"": ""오늘 삼성전자 매도 거래 후기"", ""post_type"": ""trade_share"", ""content"": ""오늘 삼성전자의 주가가 상승세를 보이는 가운데, 476주를 매도했습니다. 적정가에서 수익을 실현할 수 있어 기쁘네요. 반도체 업황이 긍정적이라 계속 주목하고 있지만, 지금 시점에서는 현금을 확보하는 것도 좋은 선택이라고 생각합니다. 여러분은 어떻게 생각하시나요?"", ""reaction"": ""like"", ""author_badges"": [], ""author_profile"": null}]"
simulation_20260703_213316,2026-02-27,2,A033,5,5,,"[{""post_id"": 1876, ""title"": ""[매도 거래 공유] 삼성전자 주식 이익 실현했습니다!"", ""post_type"": ""trade_share"", ""score"": 6}, {""post_id"": 1881, ""title"": ""오늘 삼성전자 매도 거래 후기"", ""post_type"": ""trade_share"", ""score"": 6}, {""post_id"": 1873, ""title"": ""오늘 삼성전자 주식 매도했습니다."", ""post_type"": ""trade_share"", ""score"": 3}, {""post_id"": 1875, ""title"": ""오늘 삼성전자 매도 거래 공유합니다!"", ""post_type"": ""trade_share"", ""score"": 2}, {""post_id"": 1877, ""title"": ""오늘 삼성전자 주식 매수했습니다!"", ""post_type"": ""trade_share"", ""score"": 0}]","[{""post_id"": 1876, ""title"": ""[매도 거래 공유] 삼성전자 주식 이익 실현했습니다!"", ""post_type"": ""trade_share"", ""content"": ""안녕하세요, 여러분! 오늘 삼성전자의 주가가 긍정적인 흐름을 보이길래 이익 실현을 위해 476주를 매도했습니다. 평균 매수 단가보다 높은 가격에 매도할 수 있어 기쁘네요. 반도체 업황이 좋은 만큼, 앞으로의 주가 상승에 대한 기대감도 커지고 있습니다. 여러분은 어떻게 생각하시나요? 추가 매수할 계획이 있으신가요?"", ""reaction"": ""read"", ""author_badges"": [""상위 수익자"", ""자산가"", ""커뮤니티 인플루언서""], ""author_profile"": null}, {""post_id"": 1880, ""title"": ""오늘 삼성전자 매도하고 수익 실현했습니다!"", ""post_type"": ""profit_share"", ""content"": ""안녕하세요, 여러분! 오늘 삼성전자를 매도하고 수익을 실현했습니다. 반도체 업황이 긍정적이라는 뉴스 덕분에 자신감을 가지고 모든 보유 주식을 정리했어요. 현재 주가가 216,500원으로 상승세를 보이고 있어서 좋은 결정이었다고 생각합니다. 여러분도 좋은 성과 있으신가요?"", ""reaction"": ""unlike"", ""author_badges"": [], ""author_profile"": null}, {""post_id"": 1875, ""title"": ""오늘 삼성전자 매도 거래 공유합니다!"", ""post_type"": ""trade_share"", ""content"": ""안녕하세요, 여러분! 오늘 삼성전자 주식을 476주 매도했습니다. 지금 현재 주가가 상승세를 보이고 있어서, 평균 매수 단가와 같아 손익이 불확실한 상황에서 리스크를 줄이기 위해 전체 매도를 진행했어요. 반도체 업황이 긍정적으로 돌아서고 있는 만큼, 앞으로의 흐름도 기대되네요! 여러분은 어떻게 생각하시나요?"", ""reaction"": ""read"", ""author_badges"": [], ""author_profile"": null}, {""post_id"": 1878, ""title"": ""오늘 삼성전자 주식 매도했습니다!"", ""post_type"": ""trade_share"", ""content"": ""안녕하세요, 여러분! 오늘 삼성전자 주식을 매도했습니다. 현재 주가가 상승세를 보이고 있고, 평균 매수 단가와 같아서 손실 없이 처분할 수 있었어요. 반도체 업황이 긍정적으로 돌아서고 있어서 앞으로의 주가 상승도 기대되네요. 여러분은 어떻게 생각하시나요?"", ""reaction"": ""unlike"", ""author_badges"": [""상위 수익자"", ""자산가""], ""author_profile"": null}, {""post_id"": 1881, ""title"": ""오늘 삼성전자 매도 거래 후기"", ""post_type"": ""trade_share"", ""content"": ""오늘 삼성전자의 주가가 상승세를 보이는 가운데, 476주를 매도했습니다. 적정가에서 수익을 실현할 수 있어 기쁘네요. 반도체 업황이 긍정적이라 계속 주목하고 있지만, 지금 시점에서는 현금을 확보하는 것도 좋은 선택이라고 생각합니다. 여러분은 어떻게 생각하시나요?"", ""reaction"": ""like"", ""author_badges"": [], ""author_profile"": null}]"
simulation_20260703_213316,2026-02-27,2,A040,5,5,,"[{""post_id"": 1876, ""title"": ""[매도 거래 공유] 삼성전자 주식 이익 실현했습니다!"", ""post_type"": ""trade_share"", ""score"": 6}, {""post_id"": 1881, ""title"": ""오늘 삼성전자 매도 거래 후기"", ""post_type"": ""trade_share"", ""score"": 6}, {""post_id"": 1873, ""title"": ""오늘 삼성전자 주식 매도했습니다."", ""post_type"": ""trade_share"", ""score"": 3}, {""post_id"": 1875, ""title"": ""오늘 삼성전자 매도 거래 공유합니다!"", ""post_type"": ""trade_share"", ""score"": 2}, {""post_id"": 1877, ""title"": ""오늘 삼성전자 주식 매수했습니다!"", ""post_type"": ""trade_share"", ""score"": 0}]","[{""post_id"": 1874, ""title"": ""삼성전자 추가 매수했습니다!"", ""post_type"": ""trade_share"", ""content"": ""안녕하세요, 여러분! 오늘 삼성전자를 100주 추가 매수했습니다. 반도체 업황의 긍정적인 흐름과 현재 주가가 적정하다고 판단해서요. 현금 비중이 높아서 추가 매수 여력이 있었던 점도 큰 도움이 되었네요. 앞으로의 주가 상승이 기대됩니다. 여러분은 어떻게 생각하시나요?"", ""reaction"": ""read"", ""author_badges"": [], ""author_profile"": null}, {""post_id"": 1876, ""title"": ""[매도 거래 공유] 삼성전자 주식 이익 실현했습니다!"", ""post_type"": ""trade_share"", ""content"": ""안녕하세요, 여러분! 오늘 삼성전자의 주가가 긍정적인 흐름을 보이길래 이익 실현을 위해 476주를 매도했습니다. 평균 매수 단가보다 높은 가격에 매도할 수 있어 기쁘네요. 반도체 업황이 좋은 만큼, 앞으로의 주가 상승에 대한 기대감도 커지고 있습니다. 여러분은 어떻게 생각하시나요? 추가 매수할 계획이 있으신가요?"", ""reaction"": ""like"", ""author_badges"": [""상위 수익자"", ""자산가"", ""커뮤니티 인플루언서""], ""author_profile"": null}, {""post_id"": 1880, ""title"": ""오늘 삼성전자 매도하고 수익 실현했습니다!"", ""post_type"": ""profit_share"", ""content"": ""안녕하세요, 여러분! 오늘 삼성전자를 매도하고 수익을 실현했습니다. 반도체 업황이 긍정적이라는 뉴스 덕분에 자신감을 가지고 모든 보유 주식을 정리했어요. 현재 주가가 216,500원으로 상승세를 보이고 있어서 좋은 결정이었다고 생각합니다. 여러분도 좋은 성과 있으신가요?"", ""reaction"": ""unlike"", ""author_badges"": [], ""author_profile"": null}, {""post_id"": 1875, ""title"": ""오늘 삼성전자 매도 거래 공유합니다!"", ""post_type"": ""trade_share"", ""content"": ""안녕하세요, 여러분! 오늘 삼성전자 주식을 476주 매도했습니다. 지금 현재 주가가 상승세를 보이고 있어서, 평균 매수 단가와 같아 손익이 불확실한 상황에서 리스크를 줄이기 위해 전체 매도를 진행했어요. 반도체 업황이 긍정적으로 돌아서고 있는 만큼, 앞으로의 흐름도 기대되네요! 여러분은 어떻게 생각하시나요?"", ""reaction"": ""read"", ""author_badges"": [], ""author_profile"": null}, {""post_id"": 1881, ""title"": ""오늘 삼성전자 매도 거래 후기"", ""post_type"": ""trade_share"", ""content"": ""오늘 삼성전자의 주가가 상승세를 보이는 가운데, 476주를 매도했습니다. 적정가에서 수익을 실현할 수 있어 기쁘네요. 반도체 업황이 긍정적이라 계속 주목하고 있지만, 지금 시점에서는 현금을 확보하는 것도 좋은 선택이라고 생각합니다. 여러분은 어떻게 생각하시나요?"", ""reaction"": ""like"", ""author_badges"": [], ""author_profile"": null}]"
simulation_20260703_213316,2026-02-27,2,A078,5,5,,"[{""post_id"": 1876, ""title"": ""[매도 거래 공유] 삼성전자 주식 이익 실현했습니다!"", ""post_type"": ""trade_share"", ""score"": 6}, {""post_id"": 1881, ""title"": ""오늘 삼성전자 매도 거래 후기"", ""post_type"": ""trade_share"", ""score"": 6}, {""post_id"": 1873, ""title"": ""오늘 삼성전자 주식 매도했습니다."", ""post_type"": ""trade_share"", ""score"": 3}, {""post_id"": 1875, ""title"": ""오늘 삼성전자 매도 거래 공유합니다!"", ""post_type"": ""trade_share"", ""score"": 2}, {""post_id"": 1877, ""title"": ""오늘 삼성전자 주식 매수했습니다!"", ""post_type"": ""trade_share"", ""score"": 0}]","[{""post_id"": 1874, ""title"": ""삼성전자 추가 매수했습니다!"", ""post_type"": ""trade_share"", ""content"": ""안녕하세요, 여러분! 오늘 삼성전자를 100주 추가 매수했습니다. 반도체 업황의 긍정적인 흐름과 현재 주가가 적정하다고 판단해서요. 현금 비중이 높아서 추가 매수 여력이 있었던 점도 큰 도움이 되었네요. 앞으로의 주가 상승이 기대됩니다. 여러분은 어떻게 생각하시나요?"", ""reaction"": ""unlike"", ""author_badges"": [], ""author_profile"": null}, {""post_id"": 1876, ""title"": ""[매도 거래 공유] 삼성전자 주식 이익 실현했습니다!"", ""post_type"": ""trade_share"", ""content"": ""안녕하세요, 여러분! 오늘 삼성전자의 주가가 긍정적인 흐름을 보이길래 이익 실현을 위해 476주를 매도했습니다. 평균 매수 단가보다 높은 가격에 매도할 수 있어 기쁘네요. 반도체 업황이 좋은 만큼, 앞으로의 주가 상승에 대한 기대감도 커지고 있습니다. 여러분은 어떻게 생각하시나요? 추가 매수할 계획이 있으신가요?"", ""reaction"": ""like"", ""author_badges"": [""상위 수익자"", ""자산가"", ""커뮤니티 인플루언서""], ""author_profile"": null}, {""post_id"": 1878, ""title"": ""오늘 삼성전자 주식 매도했습니다!"", ""post_type"": ""trade_share"", ""content"": ""안녕하세요, 여러분! 오늘 삼성전자 주식을 매도했습니다. 현재 주가가 상승세를 보이고 있고, 평균 매수 단가와 같아서 손실 없이 처분할 수 있었어요. 반도체 업황이 긍정적으로 돌아서고 있어서 앞으로의 주가 상승도 기대되네요. 여러분은 어떻게 생각하시나요?"", ""reaction"": ""read"", ""author_badges"": [""상위 수익자"", ""자산가""], ""author_profile"": null}, {""post_id"": 1881, ""title"": ""오늘 삼성전자 매도 거래 후기"", ""post_type"": ""trade_share"", ""content"": ""오늘 삼성전자의 주가가 상승세를 보이는 가운데, 476주를 매도했습니다. 적정가에서 수익을 실현할 수 있어 기쁘네요. 반도체 업황이 긍정적이라 계속 주목하고 있지만, 지금 시점에서는 현금을 확보하는 것도 좋은 선택이라고 생각합니다. 여러분은 어떻게 생각하시나요?"", ""reaction"": ""like"", ""author_badges"": [], ""author_profile"": null}, {""post_id"": 1875, ""title"": ""오늘 삼성전자 매도 거래 공유합니다!"", ""post_type"": ""trade_share"", ""content"": ""안녕하세요, 여러분! 오늘 삼성전자 주식을 476주 매도했습니다. 지금 현재 주가가 상승세를 보이고 있어서, 평균 매수 단가와 같아 손익이 불확실한 상황에서 리스크를 줄이기 위해 전체 매도를 진행했어요. 반도체 업황이 긍정적으로 돌아서고 있는 만큼, 앞으로의 흐름도 기대되네요! 여러분은 어떻게 생각하시나요?"", ""reaction"": ""read"", ""author_badges"": [], ""author_profile"": null}]"
simulation_20260703_213316,2026-02-27,2,A086,5,5,,"[{""post_id"": 1876, ""title"": ""[매도 거래 공유] 삼성전자 주식 이익 실현했습니다!"", ""post_type"": ""trade_share"", ""score"": 6}, {""post_id"": 1881, ""title"": ""오늘 삼성전자 매도 거래 후기"", ""post_type"": ""trade_share"", ""score"": 6}, {""post_id"": 1873, ""title"": ""오늘 삼성전자 주식 매도했습니다."", ""post_type"": ""trade_share"", ""score"": 3}, {""post_id"": 1875, ""title"": ""오늘 삼성전자 매도 거래 공유합니다!"", ""post_type"": ""trade_share"", ""score"": 2}, {""post_id"": 1877, ""title"": ""오늘 삼성전자 주식 매수했습니다!"", ""post_type"": ""trade_share"", ""score"": 0}]","[{""post_id"": 1874, ""title"": ""삼성전자 추가 매수했습니다!"", ""post_type"": ""trade_share"", ""content"": ""안녕하세요, 여러분! 오늘 삼성전자를 100주 추가 매수했습니다. 반도체 업황의 긍정적인 흐름과 현재 주가가 적정하다고 판단해서요. 현금 비중이 높아서 추가 매수 여력이 있었던 점도 큰 도움이 되었네요. 앞으로의 주가 상승이 기대됩니다. 여러분은 어떻게 생각하시나요?"", ""reaction"": ""unlike"", ""author_badges"": [], ""author_profile"": null}, {""post_id"": 1876, ""title"": ""[매도 거래 공유] 삼성전자 주식 이익 실현했습니다!"", ""post_type"": ""trade_share"", ""content"": ""안녕하세요, 여러분! 오늘 삼성전자의 주가가 긍정적인 흐름을 보이길래 이익 실현을 위해 476주를 매도했습니다. 평균 매수 단가보다 높은 가격에 매도할 수 있어 기쁘네요. 반도체 업황이 좋은 만큼, 앞으로의 주가 상승에 대한 기대감도 커지고 있습니다. 여러분은 어떻게 생각하시나요? 추가 매수할 계획이 있으신가요?"", ""reaction"": ""like"", ""author_badges"": [""상위 수익자"", ""자산가"", ""커뮤니티 인플루언서""], ""author_profile"": null}, {""post_id"": 1878, ""title"": ""오늘 삼성전자 주식 매도했습니다!"", ""post_type"": ""trade_share"", ""content"": ""안녕하세요, 여러분! 오늘 삼성전자 주식을 매도했습니다. 현재 주가가 상승세를 보이고 있고, 평균 매수 단가와 같아서 손실 없이 처분할 수 있었어요. 반도체 업황이 긍정적으로 돌아서고 있어서 앞으로의 주가 상승도 기대되네요. 여러분은 어떻게 생각하시나요?"", ""reaction"": ""read"", ""author_badges"": [""상위 수익자"", ""자산가""], ""author_profile"": null}, {""post_id"": 1880, ""title"": ""오늘 삼성전자 매도하고 수익 실현했습니다!"", ""post_type"": ""profit_share"", ""content"": ""안녕하세요, 여러분! 오늘 삼성전자를 매도하고 수익을 실현했습니다. 반도체 업황이 긍정적이라는 뉴스 덕분에 자신감을 가지고 모든 보유 주식을 정리했어요. 현재 주가가 216,500원으로 상승세를 보이고 있어서 좋은 결정이었다고 생각합니다. 여러분도 좋은 성과 있으신가요?"", ""reaction"": ""unlike"", ""author_badges"": [], ""author_profile"": null}, {""post_id"": 1875, ""title"": ""오늘 삼성전자 매도 거래 공유합니다!"", ""post_type"": ""trade_share"", ""content"": ""안녕하세요, 여러분! 오늘 삼성전자 주식을 476주 매도했습니다. 지금 현재 주가가 상승세를 보이고 있어서, 평균 매수 단가와 같아 손익이 불확실한 상황에서 리스크를 줄이기 위해 전체 매도를 진행했어요. 반도체 업황이 긍정적으로 돌아서고 있는 만큼, 앞으로의 흐름도 기대되네요! 여러분은 어떻게 생각하시나요?"", ""reaction"": ""like"", ""author_badges"": [], ""author_profile"": null}]"
